{
  "_id": "02dadf3f-14fb-4a70-87bb-0f654e7de478",
  "inferenceEngine": {
    "modelId": "4cf651d9-edf3-455f-a22e-53cc67fcc07b"
  },
  "integrationId": "dynamic-insurance-pricing-and-risk-management-system-0934",
  "integrations": {},
  "intentClassification": {
    "modelId": "4cf651d9-edf3-455f-a22e-53cc67fcc07b"
  },
  "name": "Dynamic Insurance Pricing and Risk Management System",
  "publisherAccountId": "27f7f6e9-1218-41b8-b4d4-107d247993b7",
  "status": "Active",
  "useAsChatbot": true,
  "variables": {
    "secrets": [],
    "agent": [
      "documentId",
      "filename"
    ]
  },
  "miniAgentIds": [
    "4d39bf38-5926-4371-926f-3f96ea2eeadb",
    "f0e95c2d-8772-44ad-aa3f-638f81e61d3e",
    "9889856e-94af-442d-9400-cf3735213c7f",
    "0413d6a3-2121-4aa1-a4ad-324757a3f189",
    "a5a2a98e-5c38-470a-bb8c-ed01aae6b749"
  ],
  "miniAgents": [
    {
      "_id": "a5a2a98e-5c38-470a-bb8c-ed01aae6b749",
      "integrationId": "fitbitconnection-9507",
      "name": "fitbitconnection",
      "scope": "make api call and take data from fitbit watch and calculate the score",
      "intents": [
        {
          "_id": "7d6ce574-42d1-408f-822a-4b67c4993002",
          "name": "fitbit score",
          "description": "calcuate score on fitbit",
          "examples": [
            "calculate score on fitbit"
          ],
          "workflowId": "91cd51f2-fb86-4332-9aa8-8c17a49e873e",
          "flowType": "Workflow"
        }
      ],
      "miniAgentId": "a5a2a98e-5c38-470a-bb8c-ed01aae6b749"
    },
    {
      "_id": "0413d6a3-2121-4aa1-a4ad-324757a3f189",
      "integrationId": "data-visualization-agent-3301",
      "intents": [
        {
          "_id": "generate-risk-reports-3301",
          "name": "Generate Risk Reports",
          "description": "Creates comprehensive reports and dashboards that visualize risk assessments and predictive analytics for insurers.",
          "examples": [
            "Generate a risk assessment report",
            "Show a dashboard of predictive analytics for premium strategies.",
            "Visualize the risk levels of policyholders in urban areas.",
            "what is my health report"
          ],
          "flowType": "Workflow",
          "workflowId": "990296f8-4906-43c9-b43d-d7e71ac96457"
        }
      ],
      "name": "Data Visualization Agent",
      "scope": "Generates detailed risk assessment reports and predictive analytics dashboards for insurers, providing insights into risk levels and premium strategies.",
      "miniAgentId": "0413d6a3-2121-4aa1-a4ad-324757a3f189"
    },
    {
      "_id": "9889856e-94af-442d-9400-cf3735213c7f",
      "integrationId": "fraud-detection-agent-8496",
      "intents": [
        {
          "_id": "detect-fraudulent-claims-8496",
          "name": "Detect Fraudulent Claims",
          "description": "Analyzes submitted claims and associated data to identify anomalies and potential fraud.",
          "examples": [
            "Is there any suspicious activity in the latest claim submission?",
            "Analyze this medical report for inconsistencies.",
            "Flag any anomalies in the financial data of this claim."
          ],
          "flowType": "Workflow",
          "workflowId": "e304fc15-c25b-4c19-ae37-204bacde2e57"
        }
      ],
      "name": "Fraud Detection Agent",
      "scope": "Utilizes anomaly detection techniques on financial reports, medical records, and claim history to identify and flag potentially fraudulent claims. Leverages Uptiq’s financial anomaly detection for enhanced accuracy.",
      "miniAgentId": "9889856e-94af-442d-9400-cf3735213c7f"
    },
    {
      "_id": "f0e95c2d-8772-44ad-aa3f-638f81e61d3e",
      "integrationId": "premium-calculation-agent-6205",
      "intents": [
        {
          "_id": "calculate-premium-6205",
          "name": "Calculate Premium",
          "description": "Determines the insurance premium based on the customer's risk score, adjusting dynamically as new data is received.",
          "examples": [
            "Calculate the premium for a customer with a high-risk job.",
            "How does a recent health checkup affect my premium?",
            "What is the premium adjustment for a non-smoker?"
          ],
          "flowType": "Workflow",
          "workflowId": "e85bc39d-57ee-4dd8-a0cd-7c8143c71106"
        }
      ],
      "name": "Premium Calculation Agent",
      "scope": "Implements a point-based system where various risk factors contribute to a customer's score, leading to dynamic adjustments in insurance premiums. Continuously refines premium calculations based on new data.",
      "miniAgentId": "f0e95c2d-8772-44ad-aa3f-638f81e61d3e"
    },
    {
      "_id": "4d39bf38-5926-4371-926f-3f96ea2eeadb",
      "integrationId": "risk-analysis-agent-3434",
      "intents": [
        {
          "_id": "generate-health-score-3434",
          "name": "Generate Risk Score",
          "description": "Analyzes various data points such as lifestyle, job type, health habits, and location to produce a risk score for insurance applicants.",
          "examples": [
            "What is the health score for a 35-year-old office worker who smokes?",
            "Assess the risk level for a policyholder with a history of heart disease.",
            "How does living in a high-crime area affect my health score?"
          ],
          "flowType": "Workflow",
          "workflowId": "031193b4-b973-4425-9ebf-96a7f37a895b"
        }
      ],
      "name": "Risk Analysis Agent",
      "scope": "Collects and analyzes real-time data from policyholders, including lifestyle habits, job type, medical history, and location, to generate a comprehensive health score. Utilizes behavioral analytics and predictive modeling to assess risk levels.",
      "miniAgentId": "4d39bf38-5926-4371-926f-3f96ea2eeadb"
    }
  ],
  "rags": [],
  "intentWorkflows": [
    {
      "_id": "031193b4-b973-4425-9ebf-96a7f37a895b",
      "integrationId": "generate-health-score-3027",
      "name": "Workflow for Generate Health Score"
    },
    {
      "_id": "91cd51f2-fb86-4332-9aa8-8c17a49e873e",
      "integrationId": "fitbit-score-4979",
      "name": "Workflow for fitbit score"
    },
    {
      "_id": "990296f8-4906-43c9-b43d-d7e71ac96457",
      "integrationId": "generate-risk-reports-2651",
      "name": "Workflow for Generate Risk Reports"
    },
    {
      "_id": "e304fc15-c25b-4c19-ae37-204bacde2e57",
      "integrationId": "detect-fraudulent-claims-7842",
      "name": "Workflow for Detect Fraudulent Claims"
    },
    {
      "_id": "e85bc39d-57ee-4dd8-a0cd-7c8143c71106",
      "integrationId": "calculate-premium-5550",
      "name": "Workflow for Calculate Premium"
    }
  ]
}