{
  "_id": "91cd51f2-fb86-4332-9aa8-8c17a49e873e",
  "aiPersonaId": "02dadf3f-14fb-4a70-87bb-0f654e7de478",
  "integrationId": "fitbit-score-4979",
  "name": "Workflow for fitbit score",
  "publisherAccountId": "27f7f6e9-1218-41b8-b4d4-107d247993b7",
  "startTaskId": "d9d22237-80b4-4bf0-95ec-85bdd7a9afaa",
  "status": "Active",
  "tasks": [
    {
      "_id": "d9d22237-80b4-4bf0-95ec-85bdd7a9afaa",
      "type": "Display",
      "config": {
        "description": "Display the response to the user",
        "name": "Display",
        "type": "text",
        "text": "Hi there! Intent $input.intent has been matched"
      },
      "transitions": [
        {
          "name": "Default",
          "_id": "d9d22237-80b4-4bf0-95ec-85bdd7a9afaa-1743229243452",
          "nextTask": "1743229243452"
        }
      ]
    },
    {
      "_id": "1743229243452",
      "type": "APICall",
      "config": {
        "name": "API Call",
        "description": "Make an API call",
        "url": "https://synergysolver-backend.vercel.app/getDetails",
        "data": "",
        "dataFormat": "raw",
        "rawDataFormatType": "text",
        "headers": [],
        "params": [],
        "method": "GET"
      },
      "transitions": [
        {
          "name": "Default",
          "_id": "1743229243452-1743229251284",
          "nextTask": "1743229251284"
        }
      ]
    },
    {
      "_id": "1743229251284",
      "type": "JSFunction",
      "config": {
        "name": "JavaScript",
        "description": "Execute JavaScript code"
      },
      "transitions": [
        {
          "name": "Default",
          "_id": "1743229251284-1743229261528",
          "nextTask": "1743229261528"
        }
      ]
    },
    {
      "_id": "1743229261528",
      "type": "Output",
      "config": {
        "name": "Output",
        "description": "Output messages in conversation"
      },
      "transitions": []
    }
  ],
  "type": "Conversational",
  "version": "latest",
  "reactflow": {
    "viewport": {
      "x": -40,
      "y": -20,
      "zoom": 1
    },
    "nodes": [
      {
        "id": "0",
        "type": "Start",
        "position": {
          "x": 360,
          "y": 400
        },
        "data": {},
        "deletable": false,
        "measured": {
          "width": 320,
          "height": 176
        },
        "selected": false
      },
      {
        "position": {
          "x": 510,
          "y": 173
        },
        "type": "Display",
        "id": "d9d22237-80b4-4bf0-95ec-85bdd7a9afaa",
        "data": {},
        "measured": {
          "width": 298,
          "height": 78
        },
        "selected": false,
        "dragging": false
      },
      {
        "id": "1743229243452",
        "type": "APICall",
        "position": {
          "x": 881,
          "y": 173
        },
        "data": {},
        "measured": {
          "width": 260,
          "height": 78
        },
        "selected": false,
        "dragging": false
      },
      {
        "id": "1743229251284",
        "type": "JSFunction",
        "position": {
          "x": 887,
          "y": 361
        },
        "data": {},
        "measured": {
          "width": 260,
          "height": 78
        },
        "selected": false,
        "dragging": false
      },
      {
        "id": "1743229261528",
        "type": "Output",
        "position": {
          "x": 897,
          "y": 553
        },
        "data": {},
        "measured": {
          "width": 306,
          "height": 78
        },
        "selected": false,
        "dragging": false
      }
    ],
    "edges": [
      {
        "id": "0-0",
        "type": "Start",
        "source": "0",
        "target": "d9d22237-80b4-4bf0-95ec-85bdd7a9afaa",
        "sourceHandle": "0-source-1",
        "selected": false
      },
      {
        "id": "d9d22237-80b4-4bf0-95ec-85bdd7a9afaa-1743229243452",
        "source": "d9d22237-80b4-4bf0-95ec-85bdd7a9afaa",
        "target": "1743229243452",
        "type": "Transition",
        "markerEnd": {
          "type": "arrowclosed",
          "width": 22,
          "height": 22
        },
        "sourceHandle": "d9d22237-80b4-4bf0-95ec-85bdd7a9afaa-source-1",
        "targetHandle": "1743229243452-target-1",
        "selected": false
      },
      {
        "id": "1743229243452-1743229251284",
        "source": "1743229243452",
        "target": "1743229251284",
        "type": "Transition",
        "markerEnd": {
          "type": "arrowclosed",
          "width": 22,
          "height": 22
        },
        "sourceHandle": "1743229243452-source-3",
        "targetHandle": "1743229251284-target-2",
        "selected": false
      },
      {
        "id": "1743229251284-1743229261528",
        "source": "1743229251284",
        "target": "1743229261528",
        "type": "Transition",
        "markerEnd": {
          "type": "arrowclosed",
          "width": 22,
          "height": 22
        },
        "sourceHandle": "1743229251284-source-3",
        "targetHandle": "1743229261528-target-2",
        "selected": false
      }
    ]
  }
}