{
  "_id": "a372b0f7-add3-4a3d-8de7-453a18b64d8d",
  "aiPersonaId": "02dadf3f-14fb-4a70-87bb-0f654e7de478",
  "integrationId": "ma-fitbitconnection-9507-primary-workflow-for-fitbitconnection",
  "isMiniAgentPrimaryWorkflow": true,
  "name": "Primary Workflow for fitbitconnection",
  "publisherAccountId": "27f7f6e9-1218-41b8-b4d4-107d247993b7",
  "startTaskId": "190a2427-c844-4507-a1f0-cd03fd2aa5dc",
  "status": "Active",
  "tasks": [
    {
      "_id": "190a2427-c844-4507-a1f0-cd03fd2aa5dc",
      "type": "PassThrough",
      "config": {
        "name": "Pass Through",
        "description": "Pass through the input to the output"
      },
      "transitions": [
        {
          "_id": "a856c3c0-c554-442b-a3a5-c13c7aa48d51-190a2427-c844-4507-a1f0-cd03fd2aa5dc",
          "nextTask": "a856c3c0-c554-442b-a3a5-c13c7aa48d51",
          "name": "If query doesnt exists",
          "rules": [
            {
              "type": "any",
              "operator": "notExists",
              "path": "$output.query"
            }
          ]
        },
        {
          "_id": "93b2c97c-38b0-42d4-af5b-7a5fc9e2ba07-190a2427-c844-4507-a1f0-cd03fd2aa5dc",
          "nextTask": "93b2c97c-38b0-42d4-af5b-7a5fc9e2ba07",
          "name": "If intents are already classified",
          "rules": [
            {
              "type": "any",
              "operator": "exists",
              "path": "$output.intents"
            },
            {
              "type": "any",
              "operator": "exists",
              "path": "$output.query"
            }
          ]
        },
        {
          "_id": "190a2427-c844-4507-a1f0-cd03fd2aa5dc-a04cba0e-f4ae-484b-8552-35ee140e76c2",
          "name": "If query exists",
          "nextTask": "a04cba0e-f4ae-484b-8552-35ee140e76c2",
          "rules": [
            {
              "type": "any",
              "operator": "exists",
              "path": "$output.query"
            },
            {
              "type": "any",
              "operator": "notExists",
              "path": "$output.intents"
            }
          ]
        }
      ],
      "globalVariables": [
        {
          "name": "query",
          "referencePath": "$input.query"
        },
        {
          "name": "rawQuery",
          "referencePath": "$input.rawQuery"
        },
        {
          "name": "conversationId",
          "referencePath": "$input.conversationId"
        }
      ]
    },
    {
      "_id": "a856c3c0-c554-442b-a3a5-c13c7aa48d51",
      "type": "Input",
      "config": {
        "name": "User Input",
        "description": "Get user input",
        "type": "string"
      },
      "transitions": [
        {
          "_id": "a856c3c0-c554-442b-a3a5-c13c7aa48d51-a04cba0e-f4ae-484b-8552-35ee140e76c2",
          "name": "Default",
          "nextTask": "a04cba0e-f4ae-484b-8552-35ee140e76c2"
        }
      ],
      "globalVariables": [
        {
          "name": "query",
          "referencePath": "$output.userInput"
        },
        {
          "name": "rawQuery",
          "referencePath": "$output.userInput"
        },
        {
          "name": "selfLoopMiniAgent",
          "referencePath": "true"
        }
      ]
    },
    {
      "_id": "a04cba0e-f4ae-484b-8552-35ee140e76c2",
      "type": "Loader",
      "config": {
        "name": "Loader",
        "description": "Display loader message",
        "type": "loader",
        "text": "Just a moment... identifying the best approach to assist you."
      },
      "transitions": [
        {
          "_id": "a04cba0e-f4ae-484b-8552-35ee140e76c2-2e58f790-e938-48cf-90a3-ac1d754e4104",
          "name": "Default",
          "nextTask": "2e58f790-e938-48cf-90a3-ac1d754e4104"
        }
      ]
    },
    {
      "_id": "2e58f790-e938-48cf-90a3-ac1d754e4104",
      "type": "IntentClassification",
      "config": {
        "name": "Intent Classification",
        "description": "Classify the intent of the user message",
        "modelId": "56feb720-adb7-464a-8e6b-fd79a510ba5b",
        "intents": [
          {
            "name": "fitbit score",
            "description": "calcuate score on fitbit",
            "examples": [
              "calculate score on fitbit"
            ]
          }
        ],
        "query": "$agent.query"
      },
      "transitions": [
        {
          "_id": "2e58f790-e938-48cf-90a3-ac1d754e4104-93b2c97c-38b0-42d4-af5b-7a5fc9e2ba07",
          "name": "If Intent is Matched",
          "rules": [
            {
              "type": "string",
              "operator": "equal",
              "path": "$output.intentMatched",
              "value": "true"
            }
          ],
          "nextTask": "93b2c97c-38b0-42d4-af5b-7a5fc9e2ba07"
        },
        {
          "_id": "2e58f790-e938-48cf-90a3-ac1d754e4104-6e450d8a-959f-44ca-92e8-3f97d6c57443",
          "name": "If No Intent is Matched",
          "rules": [
            {
              "type": "string",
              "operator": "equal",
              "path": "$output.intentMatched",
              "value": "false"
            }
          ],
          "nextTask": "6e450d8a-959f-44ca-92e8-3f97d6c57443"
        }
      ]
    },
    {
      "_id": "93b2c97c-38b0-42d4-af5b-7a5fc9e2ba07",
      "type": "JSFunction",
      "config": {
        "name": "JS Function",
        "description": "Execute JS function",
        "code": "\nconst main = () => {\n    const currentExecutionId = _id;\n    const intents = agent?.icIntents?.[currentExecutionId] || input.intents;\n    const currentIndex = agent?.icLoopIndexes?.[currentExecutionId] || 0;\n    const currentIntent = intents[currentIndex] || {};\n    const { intent, task } = currentIntent;\n    const state = currentIndex === intents.length ? 'end' : 'continue'\n    const icLoopIndexes = { ...(agent?.icLoopIndexes || {}), [_id]: state === 'end' ? undefined : currentIndex + 1 };\n    const icIntents = { ...(agent?.icIntents || {}), [_id]: state === 'end' ? undefined : intents };\n    return { ...input, intent, state: currentIndex === intents.length ? 'end' : 'continue', icLoopIndexes, icIntents, query: task };\n};\n\nmain()\n"
      },
      "globalVariables": [
        {
          "referencePath": "$output.icLoopIndexes",
          "name": "icLoopIndexes"
        },
        {
          "referencePath": "$output.icIntents",
          "name": "icIntents"
        }
      ],
      "transitions": [
        {
          "_id": "93b2c97c-38b0-42d4-af5b-7a5fc9e2ba07-69bffa21-e6d4-4f06-bb4c-5a8be4332d8c",
          "name": "If Intent is Matched",
          "rules": [
            {
              "type": "string",
              "operator": "equal",
              "path": "$output.intent",
              "value": "fitbit score"
            }
          ],
          "nextTask": "69bffa21-e6d4-4f06-bb4c-5a8be4332d8c"
        },
        {
          "_id": "93b2c97c-38b0-42d4-af5b-7a5fc9e2ba07-a856c3c0-c554-442b-a3a5-c13c7aa48d51",
          "name": "If Self Loop",
          "rules": [
            {
              "type": "string",
              "operator": "equal",
              "path": "$agent.selfLoopMiniAgent",
              "value": "true"
            },
            {
              "type": "string",
              "operator": "equal",
              "path": "$output.state",
              "value": "end"
            }
          ],
          "nextTask": "a856c3c0-c554-442b-a3a5-c13c7aa48d51"
        }
      ]
    },
    {
      "_id": "69bffa21-e6d4-4f06-bb4c-5a8be4332d8c",
      "type": "Workflow",
      "config": {
        "name": "Intent - fitbit score",
        "description": "Workflow for intent - fitbit score",
        "workflowId": "91cd51f2-fb86-4332-9aa8-8c17a49e873e"
      },
      "transitions": [
        {
          "_id": "69bffa21-e6d4-4f06-bb4c-5a8be4332d8c-93b2c97c-38b0-42d4-af5b-7a5fc9e2ba07",
          "name": "Mini agent execution completed",
          "nextTask": "93b2c97c-38b0-42d4-af5b-7a5fc9e2ba07"
        }
      ]
    },
    {
      "_id": "6e450d8a-959f-44ca-92e8-3f97d6c57443",
      "transitions": [
        {
          "_id": "6e450d8a-959f-44ca-92e8-3f97d6c57443-a856c3c0-c554-442b-a3a5-c13c7aa48d51",
          "name": "If Self Loop",
          "rules": [
            {
              "type": "string",
              "operator": "equal",
              "path": "$agent.selfLoopMiniAgent",
              "value": "true"
            }
          ],
          "nextTask": "a856c3c0-c554-442b-a3a5-c13c7aa48d51"
        }
      ],
      "type": "Output",
      "config": {
        "name": "Output",
        "description": "Output the response to the user",
        "type": "external",
        "text": "Unable to complete task $agent.query"
      }
    },
    {
      "_id": "6eaed1a8-b863-464a-b8fd-45234f1d8450",
      "transitions": [
        {
          "_id": "6eaed1a8-b863-464a-b8fd-45234f1d8450-a856c3c0-c554-442b-a3a5-c13c7aa48d51",
          "name": "If Self Loop",
          "rules": [
            {
              "type": "string",
              "operator": "equal",
              "path": "$agent.selfLoopMiniAgent",
              "value": "true"
            }
          ],
          "nextTask": "a856c3c0-c554-442b-a3a5-c13c7aa48d51"
        }
      ],
      "type": "Display",
      "config": {
        "name": "Display",
        "description": "Display the response to the user",
        "type": "text",
        "text": "$input.content"
      }
    }
  ],
  "type": "Conversational",
  "version": "latest"
}