{
  "_id": "e85bc39d-57ee-4dd8-a0cd-7c8143c71106",
  "aiPersonaId": "02dadf3f-14fb-4a70-87bb-0f654e7de478",
  "integrationId": "calculate-premium-5550",
  "name": "Workflow for Calculate Premium",
  "publisherAccountId": "27f7f6e9-1218-41b8-b4d4-107d247993b7",
  "startTaskId": "039a7ee4-a474-4c24-85e8-d79084f619da",
  "status": "Active",
  "tasks": [
    {
      "_id": "039a7ee4-a474-4c24-85e8-d79084f619da",
      "transitions": [],
      "type": "Display",
      "config": {
        "name": "Display",
        "description": "Display the response to the user",
        "type": "text",
        "text": "Hi there! Intent $input.intent has been matched"
      }
    }
  ],
  "type": "Conversational",
  "version": "latest"
}