{
  "_id": "5366cf03-5f73-4f97-a15b-aea8ae809ffb",
  "aiPersonaId": "02dadf3f-14fb-4a70-87bb-0f654e7de478",
  "integrationId": "recommend-health-activities-0355",
  "name": "Workflow for Recommend Health Activities",
  "publisherAccountId": "27f7f6e9-1218-41b8-b4d4-107d247993b7",
  "startTaskId": "80ee16eb-a690-4c5e-b589-9dfcd621173d",
  "status": "Active",
  "tasks": [
    {
      "_id": "80ee16eb-a690-4c5e-b589-9dfcd621173d",
      "transitions": [],
      "type": "Display",
      "config": {
        "name": "Display",
        "description": "Display the response to the user",
        "type": "text",
        "text": "Hi there! Intent $input.intent has been matched"
      }
    }
  ],
  "type": "Conversational",
  "version": "latest"
}